aid,diffmaglim,fid,mjd,oid,sid,tid
"",20.6853,1,58336.23921300005,"ZTF18absrlhv","","ztf"
"",20.5257,1,58337.36454859981,"ZTF18absrlhv","","ztf"
"",19.4103,1,58340.34417819977,"ZTF18absrlhv","","ztf"
"",20.6089,1,58343.1759722,"ZTF18absrlhv","","ztf"
"",20.5829,1,58343.31185190007,"ZTF18absrlhv","","ztf"
"",20.0846,1,58346.15363429999,"ZTF18absrlhv","","ztf"
"",20.5151,1,58346.3271643999,"ZTF18absrlhv","","ztf"
"",20.2133,1,58349.17972220015,"ZTF18absrlhv","","ztf"
"",20.1991,1,58349.220393499825,"ZTF18absrlhv","","ztf"
"",20.0613,1,58352.182164399885,"ZTF18absrlhv","","ztf"
"",19.7612,1,58352.348217600025,"ZTF18absrlhv","","ztf"
"",19.0823,1,58359.14469909994,"ZTF18absrlhv","","ztf"
"",20.597,1,58362.196411999874,"ZTF18absrlhv","","ztf"
"",20.4092,1,58362.25697920006,"ZTF18absrlhv","","ztf"
"",19.453,1,58480.51049769996,"ZTF18absrlhv","","ztf"
"",18.8666,1,58502.45039349981,"ZTF18absrlhv","","ztf"
"",18.7152,1,58505.470694399904,"ZTF18absrlhv","","ztf"
"",19.301,1,58509.55446759984,"ZTF18absrlhv","","ztf"
"",18.7455,1,58575.49359950004,"ZTF18absrlhv","","ztf"
"",15.7735,1,58589.455694399774,"ZTF18absrlhv","","ztf"
"",20.9869,1,58660.19964119978,"ZTF18absrlhv","","ztf"
"",20.8332,1,58660.200127299875,"ZTF18absrlhv","","ztf"
"",20.7956,1,58662.221527799964,"ZTF18absrlhv","","ztf"
"",20.7319,1,58662.22515049996,"ZTF18absrlhv","","ztf"
"",20.6125,1,58663.22297450015,"ZTF18absrlhv","","ztf"
"",19.4422,1,58680.185034700204,"ZTF18absrlhv","","ztf"
"",20.638,1,58694.30645829998,"ZTF18absrlhv","","ztf"
"",19.7991,1,58707.22394679999,"ZTF18absrlhv","","ztf"
"",19.7471,1,58711.209560200106,"ZTF18absrlhv","","ztf"
"",19.0482,1,58713.2178588002,"ZTF18absrlhv","","ztf"
"",17.2671,1,58721.294999999925,"ZTF18absrlhv","","ztf"
"",16.937,1,58721.29548610002,"ZTF18absrlhv","","ztf"
"",20.1776,1,58727.31569440011,"ZTF18absrlhv","","ztf"
"",18.9288,1,58737.311805599835,"ZTF18absrlhv","","ztf"
"",19.4033,1,58739.179166700225,"ZTF18absrlhv","","ztf"
"",19.1556,1,58739.18593750009,"ZTF18absrlhv","","ztf"
"",19.6299,1,58741.180717600044,"ZTF18absrlhv","","ztf"
"",19.7557,1,58765.173101900145,"ZTF18absrlhv","","ztf"
"",18.7044,1,58767.16730319988,"ZTF18absrlhv","","ztf"
"",18.7002,1,58767.16916669998,"ZTF18absrlhv","","ztf"
"",19.0024,1,58769.16782409977,"ZTF18absrlhv","","ztf"
"",19.0462,1,58770.16788189998,"ZTF18absrlhv","","ztf"
"",18.9263,1,58773.16894679982,"ZTF18absrlhv","","ztf"
"",19.008,1,58803.09251159988,"ZTF18absrlhv","","ztf"
"",19.1872,1,58828.55619210005,"ZTF18absrlhv","","ztf"
"",19.4476,1,58854.55291670002,"ZTF18absrlhv","","ztf"
"",19.162,1,58861.51078699995,"ZTF18absrlhv","","ztf"
"",20.1949,1,58877.55312500009,"ZTF18absrlhv","","ztf"
"",20.0142,1,58877.55406250013,"ZTF18absrlhv","","ztf"
"",20.1443,1,58878.53350690007,"ZTF18absrlhv","","ztf"
"",18.8602,1,58890.55471060006,"ZTF18absrlhv","","ztf"
"",19.131,1,58915.47037040023,"ZTF18absrlhv","","ztf"
"",17.7783,1,58915.49062500009,"ZTF18absrlhv","","ztf"
"",17.1301,1,58917.38409719989,"ZTF18absrlhv","","ztf"
"",20.7387,1,58936.47717589978,"ZTF18absrlhv","","ztf"
"",20.6353,1,58936.4851505002,"ZTF18absrlhv","","ztf"
"",18.6737,1,58939.447187500075,"ZTF18absrlhv","","ztf"
"",19.0905,1,58956.388553199824,"ZTF18absrlhv","","ztf"
"",16.6284,1,58969.39554399997,"ZTF18absrlhv","","ztf"
"",18.6967,1,58977.362071800046,"ZTF18absrlhv","","ztf"
"",18.5513,1,58977.36535880016,"ZTF18absrlhv","","ztf"
"",20.1841,1,59070.32267360017,"ZTF18absrlhv","","ztf"
"",19.6754,1,59091.276134300046,"ZTF18absrlhv","","ztf"
"",20.5166,1,59112.15741899982,"ZTF18absrlhv","","ztf"
"",16.3168,1,59146.133263899945,"ZTF18absrlhv","","ztf"
"",18.7441,1,59149.17812500009,"ZTF18absrlhv","","ztf"
"",19.4056,1,59155.136157399975,"ZTF18absrlhv","","ztf"
"",18.7002,1,59254.53364579985,"ZTF18absrlhv","","ztf"
"",20.1938,1,59269.49295140011,"ZTF18absrlhv","","ztf"
"",20.1987,1,59278.51644679997,"ZTF18absrlhv","","ztf"
"",20.5571,1,59294.39026620006,"ZTF18absrlhv","","ztf"
"",19.6217,1,59295.32513889996,"ZTF18absrlhv","","ztf"
"",19.1669,1,59297.30957179982,"ZTF18absrlhv","","ztf"
"",19.4031,1,59297.32578699989,"ZTF18absrlhv","","ztf"
"",19.1081,1,59300.384756899904,"ZTF18absrlhv","","ztf"
"",19.3224,1,59301.4707986,"ZTF18absrlhv","","ztf"
"",19.4639,1,59302.38489580015,"ZTF18absrlhv","","ztf"
"",19.5249,1,59303.38422450004,"ZTF18absrlhv","","ztf"
"",19.204,1,59304.43123839982,"ZTF18absrlhv","","ztf"
"",20.6758,1,59310.3871065001,"ZTF18absrlhv","","ztf"
"",20.8875,1,59316.366192100104,"ZTF18absrlhv","","ztf"
"",19.7842,1,59328.342731500044,"ZTF18absrlhv","","ztf"
"",20.7367,1,59339.416203700006,"ZTF18absrlhv","","ztf"
"",20.9218,1,59341.324224499986,"ZTF18absrlhv","","ztf"
"",20.9165,1,59349.39064810006,"ZTF18absrlhv","","ztf"
"",20.0543,1,59354.39019680023,"ZTF18absrlhv","","ztf"
"",19.7965,1,59362.38878470007,"ZTF18absrlhv","","ztf"
"",19.8278,1,59381.31240739999,"ZTF18absrlhv","","ztf"
"",18.6363,1,59418.32489580009,"ZTF18absrlhv","","ztf"
"",18.0393,1,59419.351967600174,"ZTF18absrlhv","","ztf"
"",18.5537,1,59423.352661999874,"ZTF18absrlhv","","ztf"
"",20.1095,1,59439.26221060008,"ZTF18absrlhv","","ztf"
"",19.6578,1,59443.19874999998,"ZTF18absrlhv","","ztf"
"",19.3215,1,59446.28302079998,"ZTF18absrlhv","","ztf"
"",19.6207,1,59449.19927080022,"ZTF18absrlhv","","ztf"
"",19.7094,1,59451.22258100007,"ZTF18absrlhv","","ztf"
"",19.7202,1,59473.28526620008,"ZTF18absrlhv","","ztf"
"",19.2833,1,59476.244328700006,"ZTF18absrlhv","","ztf"
"",19.5148,1,59479.1808449002,"ZTF18absrlhv","","ztf"
"",17.0101,1,59490.19891199982,"ZTF18absrlhv","","ztf"
"",19.1184,1,59510.123124999925,"ZTF18absrlhv","","ztf"
"",18.888,1,59510.12504629977,"ZTF18absrlhv","","ztf"
"",19.7325,1,59512.17659719987,"ZTF18absrlhv","","ztf"
"",19.6532,1,59623.429016199894,"ZTF18absrlhv","","ztf"
"",19.3908,1,59625.516145799775,"ZTF18absrlhv","","ztf"
"",19.2073,1,59628.36986109987,"ZTF18absrlhv","","ztf"
"",19.3379,1,59628.49027779978,"ZTF18absrlhv","","ztf"
"",19.8507,1,59630.449178200215,"ZTF18absrlhv","","ztf"
"",19.7135,1,59637.38942130003,"ZTF18absrlhv","","ztf"
"",19.2916,1,59637.51563660009,"ZTF18absrlhv","","ztf"
"",19.891,1,59639.38891200023,"ZTF18absrlhv","","ztf"
"",20.3447,1,59673.34423610009,"ZTF18absrlhv","","ztf"
"",19.6608,1,59677.325914400164,"ZTF18absrlhv","","ztf"
"",19.5146,1,59683.30613429984,"ZTF18absrlhv","","ztf"
"",19.1835,1,59685.388680600096,"ZTF18absrlhv","","ztf"
"",17.1755,1,59688.40526620019,"ZTF18absrlhv","","ztf"
"",20.7943,1,59738.38950229995,"ZTF18absrlhv","","ztf"
"",20.4894,1,59739.37021989981,"ZTF18absrlhv","","ztf"
"",20.3149,1,59740.387881900184,"ZTF18absrlhv","","ztf"
"",20.1222,1,59741.40843749978,"ZTF18absrlhv","","ztf"
"",19.3491,1,59742.429236100055,"ZTF18absrlhv","","ztf"
"",19.2381,1,59743.38686340023,"ZTF18absrlhv","","ztf"
"",19.2112,1,59744.43015050003,"ZTF18absrlhv","","ztf"
"",20.6624,1,59748.26354169985,"ZTF18absrlhv","","ztf"
"",20.2709,1,59748.286365699954,"ZTF18absrlhv","","ztf"
"",20.5235,1,59750.26440969994,"ZTF18absrlhv","","ztf"
"",20.578,1,59750.28596059978,"ZTF18absrlhv","","ztf"
"",20.6362,1,59752.30723380018,"ZTF18absrlhv","","ztf"
"",20.5541,1,59752.30960649997,"ZTF18absrlhv","","ztf"
"",20.5614,1,59755.28097219998,"ZTF18absrlhv","","ztf"
"",20.6798,1,59757.26408560015,"ZTF18absrlhv","","ztf"
"",20.5939,1,59757.26837959979,"ZTF18absrlhv","","ztf"
"",20.6124,1,59757.287476900034,"ZTF18absrlhv","","ztf"
"",20.6374,1,59757.304293999914,"ZTF18absrlhv","","ztf"
"",20.6171,1,59759.25927079981,"ZTF18absrlhv","","ztf"
"",20.6398,1,59759.262581000105,"ZTF18absrlhv","","ztf"
"",20.6146,1,59761.30434030015,"ZTF18absrlhv","","ztf"
"",19.7672,1,59761.30668980023,"ZTF18absrlhv","","ztf"
"",20.5059,1,59763.3679630002,"ZTF18absrlhv","","ztf"
"",20.4793,1,59763.371030100156,"ZTF18absrlhv","","ztf"
"",20.6997,1,59765.283171299845,"ZTF18absrlhv","","ztf"
"",20.4706,1,59768.30587959988,"ZTF18absrlhv","","ztf"
"",20.6099,1,59768.37114580022,"ZTF18absrlhv","","ztf"
"",20.0672,1,59770.217222199775,"ZTF18absrlhv","","ztf"
"",19.859,1,59770.21959490003,"ZTF18absrlhv","","ztf"
"",19.9637,1,59770.3059605998,"ZTF18absrlhv","","ztf"
"",18.1085,1,59780.28417820018,"ZTF18absrlhv","","ztf"
"",19.9449,1,59792.2820255002,"ZTF18absrlhv","","ztf"
"",20.2337,1,59794.32461810019,"ZTF18absrlhv","","ztf"
"",19.6448,1,59802.30452550016,"ZTF18absrlhv","","ztf"
"",19.5901,1,59802.3059605998,"ZTF18absrlhv","","ztf"
"",18.5808,1,59805.22658560006,"ZTF18absrlhv","","ztf"
"",18.6542,1,59805.24430559995,"ZTF18absrlhv","","ztf"
"",19.8119,1,59809.34568289993,"ZTF18absrlhv","","ztf"
"",19.6097,1,59828.199479199946,"ZTF18absrlhv","","ztf"
"",20.3313,1,59847.163831000216,"ZTF18absrlhv","","ztf"
"",19.5636,1,59857.23951390013,"ZTF18absrlhv","","ztf"
"",19.5714,1,59859.18348379992,"ZTF18absrlhv","","ztf"
"",19.8109,1,59865.17608800018,"ZTF18absrlhv","","ztf"
"",18.8591,1,59951.49619209999,"ZTF18absrlhv","","ztf"
"",17.5066,1,59983.43192130001,"ZTF18absrlhv","","ztf"
"",19.3192,1,59993.43486109981,"ZTF18absrlhv","","ztf"
"",20.1431,1,60053.39084490016,"ZTF18absrlhv","","ztf"
"",20.7331,1,60093.4291087999,"ZTF18absrlhv","","ztf"
"",19.4517,1,60098.282546299975,"ZTF18absrlhv","","ztf"
"",17.1127,1,60102.2409144002,"ZTF18absrlhv","","ztf"
"",19.1244,1,60128.44790509995,"ZTF18absrlhv","","ztf"
"",19.0448,1,60158.374525499996,"ZTF18absrlhv","","ztf"
"",18.9662,1,60169.347094899975,"ZTF18absrlhv","","ztf"
"",18.2105,1,60169.3480440001,"ZTF18absrlhv","","ztf"
"",18.4559,1,60175.18579859985,"ZTF18absrlhv","","ztf"
"",19.6816,1,60186.182731499895,"ZTF18absrlhv","","ztf"
"",17.674,1,60363.360972200055,"ZTF18absrlhv","","ztf"
"",18.2512,1,60363.389884300064,"ZTF18absrlhv","","ztf"
"",19.7611,1,60422.34614579985,"ZTF18absrlhv","","ztf"
"",20.4378,1,60436.40725689987,"ZTF18absrlhv","","ztf"
"",20.2591,1,60436.42509259982,"ZTF18absrlhv","","ztf"
"",20.5864,1,60442.35973379994,"ZTF18absrlhv","","ztf"
"",16.2692,1,60465.26461810013,"ZTF18absrlhv","","ztf"
"",14.7483,1,60465.30680559995,"ZTF18absrlhv","","ztf"
"",16.3028,1,60465.3110301001,"ZTF18absrlhv","","ztf"
"",16.7501,1,60465.31525459979,"ZTF18absrlhv","","ztf"
"",18.5705,1,60465.31946759997,"ZTF18absrlhv","","ztf"
"",18.4753,1,60465.32369210012,"ZTF18absrlhv","","ztf"
"",18.4943,1,60465.32790509984,"ZTF18absrlhv","","ztf"
"",18.845,1,60465.3295948999,"ZTF18absrlhv","","ztf"
"",18.629,1,60465.33212959999,"ZTF18absrlhv","","ztf"
"",17.5246,1,60465.336342600174,"ZTF18absrlhv","","ztf"
"",18.9374,1,60465.34056709986,"ZTF18absrlhv","","ztf"
"",19.7697,1,60465.40975689981,"ZTF18absrlhv","","ztf"
"",19.4086,1,60465.41229170002,"ZTF18absrlhv","","ztf"
"",18.7448,1,60465.42074069986,"ZTF18absrlhv","","ztf"
"",18.882,1,60465.42495370004,"ZTF18absrlhv","","ztf"
"",18.3879,1,60465.426643500105,"ZTF18absrlhv","","ztf"
"",17.9008,1,60465.4291782002,"ZTF18absrlhv","","ztf"
"",18.1819,1,60465.43085649982,"ZTF18absrlhv","","ztf"
"",18.1076,1,60465.43339119991,"ZTF18absrlhv","","ztf"
"",18.9153,1,60465.435080999974,"ZTF18absrlhv","","ztf"
"",19.2665,1,60465.437615700066,"ZTF18absrlhv","","ztf"
"",19.8876,1,60465.44182869978,"ZTF18absrlhv","","ztf"
"",21.1153,1,60466.19407409988,"ZTF18absrlhv","","ztf"
"",21.0794,1,60466.19869210012,"ZTF18absrlhv","","ztf"
"",21.1274,1,60466.201759300195,"ZTF18absrlhv","","ztf"
"",21.0902,1,60466.20638890006,"ZTF18absrlhv","","ztf"
"",21.1529,1,60466.20945600001,"ZTF18absrlhv","","ztf"
"",21.1107,1,60466.21408559987,"ZTF18absrlhv","","ztf"
"",21.1562,1,60466.217152799945,"ZTF18absrlhv","","ztf"
"",21.0997,1,60466.221770800184,"ZTF18absrlhv","","ztf"
"",21.1634,1,60466.22511570016,"ZTF18absrlhv","","ztf"
"",21.1466,1,60466.22818290023,"ZTF18absrlhv","","ztf"
"",21.1763,1,60466.232800900005,"ZTF18absrlhv","","ztf"
"",21.1218,1,60466.23587960005,"ZTF18absrlhv","","ztf"
"",21.1438,1,60466.24049769994,"ZTF18absrlhv","","ztf"
"",21.142,1,60466.24357639998,"ZTF18absrlhv","","ztf"
"",21.1566,1,60466.24819440022,"ZTF18absrlhv","","ztf"
"",21.167,1,60466.2512730998,"ZTF18absrlhv","","ztf"
"",21.1756,1,60466.255891200155,"ZTF18absrlhv","","ztf"
"",21.1759,1,60466.25895830011,"ZTF18absrlhv","","ztf"
"",21.0792,1,60466.2635764,"ZTF18absrlhv","","ztf"
"",21.1604,1,60466.266655100044,"ZTF18absrlhv","","ztf"
"",21.1253,1,60466.27127309982,"ZTF18absrlhv","","ztf"
"",21.1117,1,60466.27435189998,"ZTF18absrlhv","","ztf"
"",20.9577,1,60466.27896990022,"ZTF18absrlhv","","ztf"
"",21.1317,1,60466.282048599795,"ZTF18absrlhv","","ztf"
"",21.0489,1,60466.28666670015,"ZTF18absrlhv","","ztf"
"",21.1187,1,60466.289733800106,"ZTF18absrlhv","","ztf"
"",21.0871,1,60466.292951399926,"ZTF18absrlhv","","ztf"
"",21.1475,1,60466.29938660003,"ZTF18absrlhv","","ztf"
"",21.1981,1,60466.304004599806,"ZTF18absrlhv","","ztf"
"",21.1809,1,60466.30707179988,"ZTF18absrlhv","","ztf"
"",21.0954,1,60466.31168980012,"ZTF18absrlhv","","ztf"
"",21.1322,1,60466.31476850016,"ZTF18absrlhv","","ztf"
"",21.1589,1,60466.31938660005,"ZTF18absrlhv","","ztf"
"",21.1839,1,60466.322465300094,"ZTF18absrlhv","","ztf"
"",21.1857,1,60466.32708329987,"ZTF18absrlhv","","ztf"
"",21.1725,1,60466.33015049994,"ZTF18absrlhv","","ztf"
"",21.2013,1,60466.33476850018,"ZTF18absrlhv","","ztf"
"",21.1776,1,60466.337835600134,"ZTF18absrlhv","","ztf"
"",21.1947,1,60466.34246530011,"ZTF18absrlhv","","ztf"
"",21.1666,1,60466.34553240007,"ZTF18absrlhv","","ztf"
"",21.1159,1,60466.35015049996,"ZTF18absrlhv","","ztf"
"",21.1197,1,60466.35321759991,"ZTF18absrlhv","","ztf"
"",21.1703,1,60466.35783560015,"ZTF18absrlhv","","ztf"
"",21.1595,1,60466.36091439985,"ZTF18absrlhv","","ztf"
"",21.2232,1,60466.36553240009,"ZTF18absrlhv","","ztf"
"",21.1771,1,60466.36859950004,"ZTF18absrlhv","","ztf"
"",21.167,1,60466.37321759993,"ZTF18absrlhv","","ztf"
"",21.1558,1,60466.376296299975,"ZTF18absrlhv","","ztf"
"",21.2035,1,60466.380914399866,"ZTF18absrlhv","","ztf"
"",21.1553,1,60466.38399309991,"ZTF18absrlhv","","ztf"
"",21.1821,1,60466.38861110015,"ZTF18absrlhv","","ztf"
"",21.1753,1,60466.3916782001,"ZTF18absrlhv","","ztf"
"",21.1409,1,60466.396296299994,"ZTF18absrlhv","","ztf"
"",21.1522,1,60466.39936339995,"ZTF18absrlhv","","ztf"
"",21.138,1,60466.40398149984,"ZTF18absrlhv","","ztf"
"",21.1499,1,60466.40706019988,"ZTF18absrlhv","","ztf"
"",21.1671,1,60466.41167820012,"ZTF18absrlhv","","ztf"
"",21.1489,1,60466.414745400194,"ZTF18absrlhv","","ztf"
"",21.1941,1,60466.41936339997,"ZTF18absrlhv","","ztf"
"",21.1407,1,60466.42244210001,"ZTF18absrlhv","","ztf"
"",21.1711,1,60466.4270601999,"ZTF18absrlhv","","ztf"
"",21.1482,1,60466.430138899945,"ZTF18absrlhv","","ztf"
"",21.119,1,60466.43783560023,"ZTF18absrlhv","","ztf"
"",21.101,1,60466.44245370012,"ZTF18absrlhv","","ztf"
"",21.1206,1,60466.44552080007,"ZTF18absrlhv","","ztf"
"",21.0501,1,60466.45013889996,"ZTF18absrlhv","","ztf"
"",21.0906,1,60466.45321760001,"ZTF18absrlhv","","ztf"
"",19.6176,1,60485.26406250009,"ZTF18absrlhv","","ztf"
"",19.5931,1,60513.24311339995,"ZTF18absrlhv","","ztf"
"",20.4118,1,60524.32407409977,"ZTF18absrlhv","","ztf"
"",17.4959,1,60563.260937499814,"ZTF18absrlhv","","ztf"
"",16.5971,1,60563.30038189981,"ZTF18absrlhv","","ztf"
"",18.9948,1,60566.30103009986,"ZTF18absrlhv","","ztf"
"",19.282,1,60568.28168979986,"ZTF18absrlhv","","ztf"
"",18.9893,1,60571.27901619999,"ZTF18absrlhv","","ztf"
"",19.1069,1,60595.12120370008,"ZTF18absrlhv","","ztf"
"",18.9235,1,60595.12216439983,"ZTF18absrlhv","","ztf"
"",19.7465,1,60597.17737270007,"ZTF18absrlhv","","ztf"
"",19.5094,1,60597.19059030013,"ZTF18absrlhv","","ztf"
"",18.3114,1,60687.536840300076,"ZTF18absrlhv","","ztf"
"",18.8732,1,60687.54730319977,"ZTF18absrlhv","","ztf"
"",18.303,1,60689.5358564998,"ZTF18absrlhv","","ztf"
"",19.0528,1,60691.47458329983,"ZTF18absrlhv","","ztf"
"",18.8085,1,60693.44680560008,"ZTF18absrlhv","","ztf"
"",19.3249,1,60714.51565970015,"ZTF18absrlhv","","ztf"
"",16.8184,1,60723.49876159988,"ZTF18absrlhv","","ztf"
"",17.0957,1,60723.49971059989,"ZTF18absrlhv","","ztf"
"",19.4879,1,60725.53938659979,"ZTF18absrlhv","","ztf"
"",19.4048,1,60733.34721060004,"ZTF18absrlhv","","ztf"
"",19.2318,1,60735.39063660009,"ZTF18absrlhv","","ztf"
"",18.0033,1,60735.40638889978,"ZTF18absrlhv","","ztf"
"",19.3614,1,60750.38743059989,"ZTF18absrlhv","","ztf"
"",18.8124,1,60753.490393499844,"ZTF18absrlhv","","ztf"
"",18.7463,1,60753.49134259997,"ZTF18absrlhv","","ztf"
"",18.9172,1,60760.449224499986,"ZTF18absrlhv","","ztf"
"",19.8143,1,60771.32811339991,"ZTF18absrlhv","","ztf"
"",19.1564,1,60771.36747690011,"ZTF18absrlhv","","ztf"
"",19.7454,1,60781.457661999855,"ZTF18absrlhv","","ztf"
"",20.0185,1,60811.456192099955,"ZTF18absrlhv","","ztf"
"",19.4312,1,60830.41467589978,"ZTF18absrlhv","","ztf"
"",20.386,1,60834.42769679986,"ZTF18absrlhv","","ztf"
"",19.0067,1,60836.428379599936,"ZTF18absrlhv","","ztf"
"",19.4506,1,60836.44249999989,"ZTF18absrlhv","","ztf"
"",19.7694,1,60838.28206019988,"ZTF18absrlhv","","ztf"
"",19.8725,1,60839.23952550022,"ZTF18absrlhv","","ztf"
"",20.1112,1,60846.44322919985,"ZTF18absrlhv","","ztf"
"",19.495,1,60854.30988429999,"ZTF18absrlhv","","ztf"
"",19.6919,1,60900.356331000105,"ZTF18absrlhv","","ztf"
"",20.5569,1,60908.18069439987,"ZTF18absrlhv","","ztf"
"",20.4084,1,60908.282222200185,"ZTF18absrlhv","","ztf"
"",20.1175,1,60910.22512729978,"ZTF18absrlhv","","ztf"
"",20.4411,1,60914.18226849986,"ZTF18absrlhv","","ztf"
"",20.3398,1,60918.17395830015,"ZTF18absrlhv","","ztf"
"",19.9718,1,60920.244756899774,"ZTF18absrlhv","","ztf"
"",19.9053,1,60920.278553199954,"ZTF18absrlhv","","ztf"
"",19.8425,1,60922.15781249991,"ZTF18absrlhv","","ztf"
"",19.8894,1,60922.1644791998,"ZTF18absrlhv","","ztf"
"",19.5258,1,60924.242083299905,"ZTF18absrlhv","","ztf"
"",19.5211,1,60924.243506900035,"ZTF18absrlhv","","ztf"
"",19.5884,1,60926.15936340019,"ZTF18absrlhv","","ztf"
"",19.6362,1,60926.160786999855,"ZTF18absrlhv","","ztf"
"",19.8291,1,60928.18707180023,"ZTF18absrlhv","","ztf"
"",19.6666,1,60928.265393500216,"ZTF18absrlhv","","ztf"
"",19.2504,1,60953.23428239999,"ZTF18absrlhv","","ztf"
"",18.9365,1,60955.195185199846,"ZTF18absrlhv","","ztf"
"",20.599,2,58336.21585649997,"ZTF18absrlhv","","ztf"
"",20.4069,2,58337.33024309995,"ZTF18absrlhv","","ztf"
"",20.3628,2,58339.15798609983,"ZTF18absrlhv","","ztf"
"",20.1132,2,58340.178159699775,"ZTF18absrlhv","","ztf"
"",20.457,2,58343.156770799775,"ZTF18absrlhv","","ztf"
"",20.3584,2,58343.330266200006,"ZTF18absrlhv","","ztf"
"",20.5294,2,58346.17734949989,"ZTF18absrlhv","","ztf"
"",20.2326,2,58349.23989580013,"ZTF18absrlhv","","ztf"
"",20.2681,2,58349.24446759978,"ZTF18absrlhv","","ztf"
"",19.8257,2,58352.21901619993,"ZTF18absrlhv","","ztf"
"",19.8509,2,58352.242037000135,"ZTF18absrlhv","","ztf"
"",19.7175,2,58356.20493059978,"ZTF18absrlhv","","ztf"
"",19.7675,2,58356.26099540014,"ZTF18absrlhv","","ztf"
"",19.6472,2,58356.26706020022,"ZTF18absrlhv","","ztf"
"",19.8997,2,58359.19952550018,"ZTF18absrlhv","","ztf"
"",19.5018,2,58359.262326399796,"ZTF18absrlhv","","ztf"
"",19.4132,2,58359.28730319999,"ZTF18absrlhv","","ztf"
"",20.5082,2,58362.16111110011,"ZTF18absrlhv","","ztf"
"",20.4939,2,58362.1786342999,"ZTF18absrlhv","","ztf"
"",19.5225,2,58476.53070600005,"ZTF18absrlhv","","ztf"
"",19.7748,2,58481.54903940018,"ZTF18absrlhv","","ztf"
"",19.5511,2,58492.494085600134,"ZTF18absrlhv","","ztf"
"",17.1561,2,58503.50737270014,"ZTF18absrlhv","","ztf"
"",19.0291,2,58509.489710600115,"ZTF18absrlhv","","ztf"
"",18.6541,2,58538.511088000145,"ZTF18absrlhv","","ztf"
"",18.6766,2,58538.51339119999,"ZTF18absrlhv","","ztf"
"",20.0643,2,58541.55268519977,"ZTF18absrlhv","","ztf"
"",16.3118,2,58589.323935199995,"ZTF18absrlhv","","ztf"
"",18.3531,2,58589.346493099816,"ZTF18absrlhv","","ztf"
"",20.6696,2,58661.321030099876,"ZTF18absrlhv","","ztf"
"",20.5741,2,58662.244907400105,"ZTF18absrlhv","","ztf"
"",20.5107,2,58662.245833300054,"ZTF18absrlhv","","ztf"
"",20.533,2,58663.32380789984,"ZTF18absrlhv","","ztf"
"",20.3582,2,58663.32429399993,"ZTF18absrlhv","","ztf"
"",19.8515,2,58684.23792820005,"ZTF18absrlhv","","ztf"
"",20.3043,2,58690.34841440013,"ZTF18absrlhv","","ztf"
"",16.4009,2,58695.27547449991,"ZTF18absrlhv","","ztf"
"",17.1546,2,58698.27962959977,"ZTF18absrlhv","","ztf"
"",17.5681,2,58698.28149309987,"ZTF18absrlhv","","ztf"
"",19.2098,2,58701.28026620019,"ZTF18absrlhv","","ztf"
"",19.2688,2,58701.28212960018,"ZTF18absrlhv","","ztf"
"",20.2067,2,58707.193368100096,"ZTF18absrlhv","","ztf"
"",19.6148,2,58721.26936340006,"ZTF18absrlhv","","ztf"
"",20.3226,2,58723.292708300054,"ZTF18absrlhv","","ztf"
"",19.5827,2,58730.26849539997,"ZTF18absrlhv","","ztf"
"",19.2969,2,58737.29024309991,"ZTF18absrlhv","","ztf"
"",19.608,2,58738.15366900014,"ZTF18absrlhv","","ztf"
"",19.3524,2,58739.15055559995,"ZTF18absrlhv","","ztf"
"",16.5136,2,58742.150659699924,"ZTF18absrlhv","","ztf"
"",20.1455,2,58743.15231479984,"ZTF18absrlhv","","ztf"
"",20.3416,2,58745.153125000186,"ZTF18absrlhv","","ztf"
"",19.9158,2,58762.152002300136,"ZTF18absrlhv","","ztf"
"",19.2334,2,58767.1391551001,"ZTF18absrlhv","","ztf"
"",19.5434,2,58772.14239579998,"ZTF18absrlhv","","ztf"
"",18.9668,2,58773.13916670019,"ZTF18absrlhv","","ztf"
"",19.5213,2,58777.14068289986,"ZTF18absrlhv","","ztf"
"",19.0277,2,58781.138726899866,"ZTF18absrlhv","","ztf"
"",19.4951,2,58797.09373839991,"ZTF18absrlhv","","ztf"
"",20.2448,2,58877.51541669993,"ZTF18absrlhv","","ztf"
"",20.1915,2,58877.516354199965,"ZTF18absrlhv","","ztf"
"",18.7528,2,58888.514629600104,"ZTF18absrlhv","","ztf"
"",16.6755,2,58900.4896296002,"ZTF18absrlhv","","ztf"
"",17.4267,2,58915.51565970015,"ZTF18absrlhv","","ztf"
"",17.282,2,58915.51704860013,"ZTF18absrlhv","","ztf"
"",20.4416,2,58936.51690969989,"ZTF18absrlhv","","ztf"
"",20.4141,2,58936.517847199924,"ZTF18absrlhv","","ztf"
"",17.4046,2,58939.493761599995,"ZTF18absrlhv","","ztf"
"",17.3942,2,58939.49515049998,"ZTF18absrlhv","","ztf"
"",17.8983,2,58969.34834490018,"ZTF18absrlhv","","ztf"
"",18.3804,2,58976.32268519979,"ZTF18absrlhv","","ztf"
"",19.1751,2,58977.43554400001,"ZTF18absrlhv","","ztf"
"",20.3676,2,58983.37293979991,"ZTF18absrlhv","","ztf"
"",15.327,2,59003.22702550003,"ZTF18absrlhv","","ztf"
"",16.9949,2,59005.29048610013,"ZTF18absrlhv","","ztf"
"",18.0233,2,59005.29189810017,"ZTF18absrlhv","","ztf"
"",15.9066,2,59005.35328700021,"ZTF18absrlhv","","ztf"
"",15.744,2,59026.264398099855,"ZTF18absrlhv","","ztf"
"",17.6231,2,59026.2681828998,"ZTF18absrlhv","","ztf"
"",19.9397,2,59096.19974539988,"ZTF18absrlhv","","ztf"
"",20.3997,2,59112.179803200066,"ZTF18absrlhv","","ztf"
"",20.0144,2,59135.16549770022,"ZTF18absrlhv","","ztf"
"",18.4317,2,59146.11246530013,"ZTF18absrlhv","","ztf"
"",18.6773,2,59155.081122700125,"ZTF18absrlhv","","ztf"
"",19.1377,2,59229.5164005002,"ZTF18absrlhv","","ztf"
"",15.6815,2,59254.43671299983,"ZTF18absrlhv","","ztf"
"",19.8702,2,59269.38761569979,"ZTF18absrlhv","","ztf"
"",18.9144,2,59271.47502310015,"ZTF18absrlhv","","ztf"
"",19.2175,2,59273.472025500145,"ZTF18absrlhv","","ztf"
"",19.7554,2,59275.43285880005,"ZTF18absrlhv","","ztf"
"",19.1722,2,59301.38991900021,"ZTF18absrlhv","","ztf"
"",19.5044,2,59302.42840280011,"ZTF18absrlhv","","ztf"
"",19.5845,2,59303.431481500156,"ZTF18absrlhv","","ztf"
"",19.4327,2,59304.45101850014,"ZTF18absrlhv","","ztf"
"",20.3886,2,59306.48175929999,"ZTF18absrlhv","","ztf"
"",20.4332,2,59307.40468750009,"ZTF18absrlhv","","ztf"
"",20.3453,2,59308.45137730008,"ZTF18absrlhv","","ztf"
"",20.4123,2,59312.39059029985,"ZTF18absrlhv","","ztf"
"",20.648,2,59314.45283559989,"ZTF18absrlhv","","ztf"
"",19.7701,2,59315.44826389989,"ZTF18absrlhv","","ztf"
"",20.8143,2,59316.40623839991,"ZTF18absrlhv","","ztf"
"",19.6846,2,59319.36952550011,"ZTF18absrlhv","","ztf"
"",20.2022,2,59320.47019679984,"ZTF18absrlhv","","ztf"
"",20.2547,2,59322.283946800046,"ZTF18absrlhv","","ztf"
"",20.1159,2,59324.2832986,"ZTF18absrlhv","","ztf"
"",19.7417,2,59328.28670139983,"ZTF18absrlhv","","ztf"
"",19.8143,2,59328.28960649995,"ZTF18absrlhv","","ztf"
"",20.7348,2,59349.33045140002,"ZTF18absrlhv","","ztf"
"",20.7652,2,59349.345127299894,"ZTF18absrlhv","","ztf"
"",19.7325,2,59354.43244209979,"ZTF18absrlhv","","ztf"
"",19.5683,2,59358.332615700085,"ZTF18absrlhv","","ztf"
"",18.5111,2,59372.322511599865,"ZTF18absrlhv","","ztf"
"",19.2766,2,59394.323958300054,"ZTF18absrlhv","","ztf"
"",16.2402,2,59417.26361110015,"ZTF18absrlhv","","ztf"
"",17.395,2,59418.24631940015,"ZTF18absrlhv","","ztf"
"",18.959,2,59423.26180560002,"ZTF18absrlhv","","ztf"
"",19.1208,2,59423.30756939994,"ZTF18absrlhv","","ztf"
"",20.2248,2,59441.20275459997,"ZTF18absrlhv","","ztf"
"",19.7697,2,59443.28215279989,"ZTF18absrlhv","","ztf"
"",19.0602,2,59450.29971060017,"ZTF18absrlhv","","ztf"
"",20.1798,2,59451.18130790023,"ZTF18absrlhv","","ztf"
"",20.6293,2,59455.182175899856,"ZTF18absrlhv","","ztf"
"",20.3731,2,59458.24240740016,"ZTF18absrlhv","","ztf"
"",20.2437,2,59462.23836810002,"ZTF18absrlhv","","ztf"
"",20.5902,2,59466.15753469989,"ZTF18absrlhv","","ztf"
"",20.4004,2,59468.22230320005,"ZTF18absrlhv","","ztf"
"",20.1655,2,59468.24100690009,"ZTF18absrlhv","","ztf"
"",19.9898,2,59473.23746530013,"ZTF18absrlhv","","ztf"
"",19.1872,2,59476.19939809991,"ZTF18absrlhv","","ztf"
"",19.5502,2,59477.18062500004,"ZTF18absrlhv","","ztf"
"",19.4055,2,59478.20011569979,"ZTF18absrlhv","","ztf"
"",19.5689,2,59479.237141199876,"ZTF18absrlhv","","ztf"
"",19.5907,2,59480.223495400045,"ZTF18absrlhv","","ztf"
"",20.3347,2,59484.21586810006,"ZTF18absrlhv","","ztf"
"",20.4779,2,59486.18209489994,"ZTF18absrlhv","","ztf"
"",20.0551,2,59489.18049769988,"ZTF18absrlhv","","ztf"
"",20.1931,2,59491.18061339995,"ZTF18absrlhv","","ztf"
"",19.7854,2,59504.132685199846,"ZTF18absrlhv","","ztf"
"",17.5252,2,59510.1588078998,"ZTF18absrlhv","","ztf"
"",15.5659,2,59510.173460599966,"ZTF18absrlhv","","ztf"
"",20.3043,2,59512.1350579001,"ZTF18absrlhv","","ztf"
"",20.1028,2,59525.13824070012,"ZTF18absrlhv","","ztf"
"",19.3137,2,59625.42934030015,"ZTF18absrlhv","","ztf"
"",19.268,2,59628.44949069992,"ZTF18absrlhv","","ztf"
"",19.1955,2,59628.47439809982,"ZTF18absrlhv","","ztf"
"",19.7486,2,59639.46818289999,"ZTF18absrlhv","","ztf"
"",20.2362,2,59641.367986099795,"ZTF18absrlhv","","ztf"
"",20.1551,2,59673.302465300076,"ZTF18absrlhv","","ztf"
"",20.5938,2,59675.43656249996,"ZTF18absrlhv","","ztf"
"",20.2455,2,59677.43458329979,"ZTF18absrlhv","","ztf"
"",19.7499,2,59679.23922450002,"ZTF18absrlhv","","ztf"
"",19.8748,2,59683.38287039986,"ZTF18absrlhv","","ztf"
"",19.6746,2,59684.40196759999,"ZTF18absrlhv","","ztf"
"",19.7996,2,59687.38129629986,"ZTF18absrlhv","","ztf"
"",18.9341,2,59688.384131900035,"ZTF18absrlhv","","ztf"
"",20.0873,2,59694.32623839984,"ZTF18absrlhv","","ztf"
"",18.6674,2,59695.430208299775,"ZTF18absrlhv","","ztf"
"",20.504,2,59696.452395800035,"ZTF18absrlhv","","ztf"
"",20.3313,2,59700.303969900124,"ZTF18absrlhv","","ztf"
"",20.3539,2,59700.38824070012,"ZTF18absrlhv","","ztf"
"",20.4705,2,59702.40936340019,"ZTF18absrlhv","","ztf"
"",19.8972,2,59708.34361110022,"ZTF18absrlhv","","ztf"
"",19.8696,2,59708.36789349979,"ZTF18absrlhv","","ztf"
"",20.1997,2,59708.43237269996,"ZTF18absrlhv","","ztf"
"",20.3344,2,59739.277407399844,"ZTF18absrlhv","","ztf"
"",20.3057,2,59740.349108799826,"ZTF18absrlhv","","ztf"
"",19.9614,2,59741.3498958,"ZTF18absrlhv","","ztf"
"",19.8279,2,59742.35921300016,"ZTF18absrlhv","","ztf"
"",19.7894,2,59743.30500000017,"ZTF18absrlhv","","ztf"
"",19.8274,2,59748.33024309995,"ZTF18absrlhv","","ztf"
"",19.918,2,59748.33260420011,"ZTF18absrlhv","","ztf"
"",19.9801,2,59750.34730320005,"ZTF18absrlhv","","ztf"
"",20,2,59750.348275499884,"ZTF18absrlhv","","ztf"
"",20.342,2,59755.30424770014,"ZTF18absrlhv","","ztf"
"",20.4677,2,59755.308009299915,"ZTF18absrlhv","","ztf"
"",20.6148,2,59759.32671299996,"ZTF18absrlhv","","ztf"
"",20.5285,2,59759.329120399896,"ZTF18absrlhv","","ztf"
"",20.5976,2,59761.35068289982,"ZTF18absrlhv","","ztf"
"",20.5188,2,59763.31099539995,"ZTF18absrlhv","","ztf"
"",20.5895,2,59765.342523099855,"ZTF18absrlhv","","ztf"
"",20.0791,2,59772.309456000105,"ZTF18absrlhv","","ztf"
"",20.024,2,59772.311817099806,"ZTF18absrlhv","","ztf"
"",19.8271,2,59772.405578699894,"ZTF18absrlhv","","ztf"
"",19.7561,2,59772.40701390011,"ZTF18absrlhv","","ztf"
"",19.8235,2,59774.221180600114,"ZTF18absrlhv","","ztf"
"",19.8161,2,59774.224097200204,"ZTF18absrlhv","","ztf"
"",19.8144,2,59774.264942099806,"ZTF18absrlhv","","ztf"
"",19.5793,2,59774.29858799977,"ZTF18absrlhv","","ztf"
"",20.3311,2,59776.23746530013,"ZTF18absrlhv","","ztf"
"",20.279,2,59776.238888899796,"ZTF18absrlhv","","ztf"
"",20.0713,2,59776.32679399988,"ZTF18absrlhv","","ztf"
"",20.0403,2,59776.341006900184,"ZTF18absrlhv","","ztf"
"",20.4627,2,59778.22040509991,"ZTF18absrlhv","","ztf"
"",17.9231,2,59778.2583912001,"ZTF18absrlhv","","ztf"
"",20.5098,2,59779.266030100174,"ZTF18absrlhv","","ztf"
"",19.7046,2,59782.38894680003,"ZTF18absrlhv","","ztf"
"",20.5753,2,59784.280277799815,"ZTF18absrlhv","","ztf"
"",20.1256,2,59785.28406250011,"ZTF18absrlhv","","ztf"
"",20.622,2,59786.25700230012,"ZTF18absrlhv","","ztf"
"",20.4691,2,59787.31099539995,"ZTF18absrlhv","","ztf"
"",20.5157,2,59788.26519680023,"ZTF18absrlhv","","ztf"
"",20.2203,2,59789.240891200025,"ZTF18absrlhv","","ztf"
"",20.1354,2,59790.26943290001,"ZTF18absrlhv","","ztf"
"",20.2538,2,59791.2183681,"ZTF18absrlhv","","ztf"
"",20.5228,2,59794.24424770009,"ZTF18absrlhv","","ztf"
"",20.4277,2,59794.28265050007,"ZTF18absrlhv","","ztf"
"",20.2993,2,59797.34577549994,"ZTF18absrlhv","","ztf"
"",20.0226,2,59799.225034699775,"ZTF18absrlhv","","ztf"
"",19.9591,2,59799.225532399956,"ZTF18absrlhv","","ztf"
"",18.8968,2,59802.24459489994,"ZTF18absrlhv","","ztf"
"",20.0813,2,59805.20328699984,"ZTF18absrlhv","","ztf"
"",20.0922,2,59805.20424770005,"ZTF18absrlhv","","ztf"
"",20.0207,2,59807.3059605998,"ZTF18absrlhv","","ztf"
"",19.4563,2,59807.32261569984,"ZTF18absrlhv","","ztf"
"",20.2171,2,59812.317858799826,"ZTF18absrlhv","","ztf"
"",20.4505,2,59816.18423609994,"ZTF18absrlhv","","ztf"
"",20.4005,2,59818.2660069,"ZTF18absrlhv","","ztf"
"",20.3883,2,59818.26791669987,"ZTF18absrlhv","","ztf"
"",20.3534,2,59823.18208329985,"ZTF18absrlhv","","ztf"
"",20.4476,2,59825.16687500011,"ZTF18absrlhv","","ztf"
"",19.7024,2,59827.3056481001,"ZTF18absrlhv","","ztf"
"",19.8235,2,59829.161342599895,"ZTF18absrlhv","","ztf"
"",20.2091,2,59844.15634260001,"ZTF18absrlhv","","ztf"
"",20.4551,2,59853.19613429997,"ZTF18absrlhv","","ztf"
"",19.8755,2,59859.13442130014,"ZTF18absrlhv","","ztf"
"",19.6905,2,59863.16604170017,"ZTF18absrlhv","","ztf"
"",19.1916,2,59863.22702550003,"ZTF18absrlhv","","ztf"
"",20.3498,2,59867.15709490003,"ZTF18absrlhv","","ztf"
"",19.4655,2,59887.14099540003,"ZTF18absrlhv","","ztf"
"",19.1058,2,59957.54436339997,"ZTF18absrlhv","","ztf"
"",19.6787,2,59977.47063660016,"ZTF18absrlhv","","ztf"
"",19.8695,2,60016.47437500022,"ZTF18absrlhv","","ztf"
"",20.3288,2,60046.38368060021,"ZTF18absrlhv","","ztf"
"",18.6184,2,60084.38921299996,"ZTF18absrlhv","","ztf"
"",19.6369,2,60128.32856479986,"ZTF18absrlhv","","ztf"
"",20.385,2,60140.260659699794,"ZTF18absrlhv","","ztf"
"",18.5409,2,60149.24251159979,"ZTF18absrlhv","","ztf"
"",19.3792,2,60215.242037000135,"ZTF18absrlhv","","ztf"
"",17.2946,2,60363.471192100085,"ZTF18absrlhv","","ztf"
"",17.4751,2,60363.48606480006,"ZTF18absrlhv","","ztf"
"",20.1707,2,60369.43136569997,"ZTF18absrlhv","","ztf"
"",20.1465,2,60436.452893500216,"ZTF18absrlhv","","ztf"
"",20.0677,2,60436.47055559978,"ZTF18absrlhv","","ztf"
"",20.6357,2,60442.42925930023,"ZTF18absrlhv","","ztf"
"",15.5366,2,60448.411319400184,"ZTF18absrlhv","","ztf"
"",19.5536,2,60452.39355320018,"ZTF18absrlhv","","ztf"
"",20.4377,2,60475.27803240018,"ZTF18absrlhv","","ztf"
"",19.7922,2,60480.4817476999,"ZTF18absrlhv","","ztf"
"",20.3638,2,60487.30027779983,"ZTF18absrlhv","","ztf"
"",20.4813,2,60490.27641199995,"ZTF18absrlhv","","ztf"
"",20.2542,2,60491.364062500186,"ZTF18absrlhv","","ztf"
"",20.4808,2,60499.306550899986,"ZTF18absrlhv","","ztf"
"",20.4788,2,60501.275023099966,"ZTF18absrlhv","","ztf"
"",20.2831,2,60504.284826400224,"ZTF18absrlhv","","ztf"
"",20.3053,2,60505.23792820005,"ZTF18absrlhv","","ztf"
"",19.9422,2,60508.280254600104,"ZTF18absrlhv","","ztf"
"",20.0541,2,60510.27399310004,"ZTF18absrlhv","","ztf"
"",19.7686,2,60513.28229170013,"ZTF18absrlhv","","ztf"
"",20.0299,2,60517.280856499914,"ZTF18absrlhv","","ztf"
"",20.3759,2,60519.30754629988,"ZTF18absrlhv","","ztf"
"",20.4571,2,60524.24283559993,"ZTF18absrlhv","","ztf"
"",20.4871,2,60524.258830999956,"ZTF18absrlhv","","ztf"
"",20.5299,2,60526.28060190007,"ZTF18absrlhv","","ztf"
"",20.0852,2,60528.28863430023,"ZTF18absrlhv","","ztf"
"",19.8858,2,60544.26438659988,"ZTF18absrlhv","","ztf"
"",20.4167,2,60554.20136569999,"ZTF18absrlhv","","ztf"
"",19.8336,2,60565.26222220017,"ZTF18absrlhv","","ztf"
"",19.9547,2,60566.18194440007,"ZTF18absrlhv","","ztf"
"",19.2818,2,60571.1978703998,"ZTF18absrlhv","","ztf"
"",19.7992,2,60572.19841440022,"ZTF18absrlhv","","ztf"
"",20.1265,2,60575.178588000126,"ZTF18absrlhv","","ztf"
"",20.2244,2,60576.18541669985,"ZTF18absrlhv","","ztf"
"",18.9777,2,60595.15653940011,"ZTF18absrlhv","","ztf"
"",20.111,2,60597.11618060013,"ZTF18absrlhv","","ztf"
"",20.0431,2,60597.14071760001,"ZTF18absrlhv","","ztf"
"",19.6699,2,60599.15765050007,"ZTF18absrlhv","","ztf"
"",19.6329,2,60599.16002310021,"ZTF18absrlhv","","ztf"
"",17.8563,2,60602.20318289986,"ZTF18absrlhv","","ztf"
"",19.6635,2,60603.15835649986,"ZTF18absrlhv","","ztf"
"",19.151,2,60687.51293980004,"ZTF18absrlhv","","ztf"
"",20.4256,2,60706.50927079981,"ZTF18absrlhv","","ztf"
"",18.4988,2,60714.530509300064,"ZTF18absrlhv","","ztf"
"",18.8847,2,60714.5481480998,"ZTF18absrlhv","","ztf"
"",18.2679,2,60721.51429399988,"ZTF18absrlhv","","ztf"
"",19.5338,2,60723.40388889983,"ZTF18absrlhv","","ztf"
"",20.2835,2,60729.50969910016,"ZTF18absrlhv","","ztf"
"",20.3256,2,60731.51134259999,"ZTF18absrlhv","","ztf"
"",20.165,2,60735.4301967998,"ZTF18absrlhv","","ztf"
"",19.2839,2,60743.41141200019,"ZTF18absrlhv","","ztf"
"",18.0089,2,60753.44631939987,"ZTF18absrlhv","","ztf"
"",19.8975,2,60755.49309029989,"ZTF18absrlhv","","ztf"
"",19.387,2,60762.450069400016,"ZTF18absrlhv","","ztf"
"",19.6709,2,60762.45343750017,"ZTF18absrlhv","","ztf"
"",19.7862,2,60773.38430560008,"ZTF18absrlhv","","ztf"
"",19.8224,2,60773.403472200036,"ZTF18absrlhv","","ztf"
"",20.0267,2,60781.48453699984,"ZTF18absrlhv","","ztf"
"",19.9612,2,60805.404942099936,"ZTF18absrlhv","","ztf"
"",19.9178,2,60805.40589120006,"ZTF18absrlhv","","ztf"
"",19.4007,2,60807.33589120023,"ZTF18absrlhv","","ztf"
"",20.4046,2,60816.390509299934,"ZTF18absrlhv","","ztf"
"",20.6866,2,60818.37842589989,"ZTF18absrlhv","","ztf"
"",20.5582,2,60818.430763899814,"ZTF18absrlhv","","ztf"
"",20.7158,2,60822.36160880001,"ZTF18absrlhv","","ztf"
"",20.6848,2,60822.386736100074,"ZTF18absrlhv","","ztf"
"",20.7205,2,60824.32692130003,"ZTF18absrlhv","","ztf"
"",20.7426,2,60824.44594909996,"ZTF18absrlhv","","ztf"
"",20.5344,2,60832.43206019979,"ZTF18absrlhv","","ztf"
"",20.1428,2,60834.34715279983,"ZTF18absrlhv","","ztf"
"",19.509,2,60836.30189809995,"ZTF18absrlhv","","ztf"
"",19.3816,2,60836.30380789982,"ZTF18absrlhv","","ztf"
"",19.7703,2,60838.3035995001,"ZTF18absrlhv","","ztf"
"",20.1065,2,60839.3667708002,"ZTF18absrlhv","","ztf"
"",20.3058,2,60840.28472220013,"ZTF18absrlhv","","ztf"
"",20.2754,2,60841.34437499987,"ZTF18absrlhv","","ztf"
"",20.6389,2,60845.27685189992,"ZTF18absrlhv","","ztf"
"",20.4409,2,60847.27243060013,"ZTF18absrlhv","","ztf"
"",20.5005,2,60850.337245400064,"ZTF18absrlhv","","ztf"
"",20.4562,2,60850.381863399874,"ZTF18absrlhv","","ztf"
"",19.684,2,60851.233356500044,"ZTF18absrlhv","","ztf"
"",20.5346,2,60851.32193290023,"ZTF18absrlhv","","ztf"
"",19.3926,2,60854.35530090006,"ZTF18absrlhv","","ztf"
"",20.6217,2,60857.25417819992,"ZTF18absrlhv","","ztf"
"",19.7251,2,60866.279374999925,"ZTF18absrlhv","","ztf"
"",20.5458,2,60875.259386599995,"ZTF18absrlhv","","ztf"
"",20.1494,2,60900.2868170999,"ZTF18absrlhv","","ztf"
"",20.1592,2,60900.28870370006,"ZTF18absrlhv","","ztf"
"",20.5022,2,60902.198310200125,"ZTF18absrlhv","","ztf"
"",20.4638,2,60908.2010764,"ZTF18absrlhv","","ztf"
"",20.3254,2,60908.22043980006,"ZTF18absrlhv","","ztf"
"",20.3162,2,60910.18396990001,"ZTF18absrlhv","","ztf"
"",20.2649,2,60910.18731479999,"ZTF18absrlhv","","ztf"
"",20.3748,2,60914.2004976999,"ZTF18absrlhv","","ztf"
"",20.3544,2,60916.22155090002,"ZTF18absrlhv","","ztf"
"",20.2945,2,60916.22297450015,"ZTF18absrlhv","","ztf"
"",20.3505,2,60918.19692130014,"ZTF18absrlhv","","ztf"
"",20.352,2,60918.19881939981,"ZTF18absrlhv","","ztf"
"",20.2571,2,60920.15785880014,"ZTF18absrlhv","","ztf"
"",19.6378,2,60920.221249999944,"ZTF18absrlhv","","ztf"
"",19.9725,2,60922.20268520014,"ZTF18absrlhv","","ztf"
"",19.8235,2,60922.20410879981,"ZTF18absrlhv","","ztf"
"",19.8651,2,60924.15221060021,"ZTF18absrlhv","","ztf"
"",19.8952,2,60924.19747690018,"ZTF18absrlhv","","ztf"
"",19.7932,2,60926.18021989986,"ZTF18absrlhv","","ztf"
"",19.827,2,60926.193090300076,"ZTF18absrlhv","","ztf"
"",19.9734,2,60928.197881899774,"ZTF18absrlhv","","ztf"
"",19.9693,2,60928.21239579981,"ZTF18absrlhv","","ztf"
"",20.3566,2,60932.14488429995,"ZTF18absrlhv","","ztf"
"",20.2884,2,60932.20467589982,"ZTF18absrlhv","","ztf"
"",20.0168,2,60938.225208300166,"ZTF18absrlhv","","ztf"
"",19.7846,2,60941.261157399975,"ZTF18absrlhv","","ztf"
"",20.2477,2,60943.22193290014,"ZTF18absrlhv","","ztf"
"",20.1618,2,60948.15855319984,"ZTF18absrlhv","","ztf"
"",20.0487,2,60950.1651504999,"ZTF18absrlhv","","ztf"
"",19.5921,2,60953.181585600134,"ZTF18absrlhv","","ztf"
"",19.3558,2,60955.13556709979,"ZTF18absrlhv","","ztf"
"",19.2074,2,60957.214838000014,"ZTF18absrlhv","","ztf"
"",20.2536,2,60960.139039400034,"ZTF18absrlhv","","ztf"
"",19.7588,3,60576.16115739988,"ZTF18absrlhv","","ztf"